{
    "animation": [
        {
            "name": "Root",
            "time": [0.0, 0.2, 0.4, 0.6, 0.8],
            "transform": [
                [0.834452, 0.011229, 0.550966, -0.005112, 0.55087, 0.010645, -0.834523, -0.03311, -0.015236, 0.99988, 0.002697, 0.720748, 0.0, 0.0, 0.0, 1.0],
                [0.834452, 0.011229, 0.550966, -0.005112, 0.55087, 0.010645, -0.834523, -0.03311, -0.015236, 0.99988, 0.002697, 0.720748, 0.0, 0.0, 0.0, 1.0],
                [0.834452, 0.011229, 0.550966, -0.005112, 0.55087, 0.010645, -0.834523, -0.03311, -0.015236, 0.99988, 0.002697, 0.720748, 0.0, 0.0, 0.0, 1.0],
                [0.834452, 0.011229, 0.550966, -0.005112, 0.55087, 0.010645, -0.834523, -0.03311, -0.015236, 0.99988, 0.002697, 0.720748, 0.0, 0.0, 0.0, 1.0],
                [0.834452, 0.011229, 0.550966, -0.005112, 0.55087, 0.010645, -0.834523, -0.03311, -0.015236, 0.99988, 0.002697, 0.720748, 0.0, 0.0, 0.0, 1.0]
            ]
        },
        {
            "name": "Thigh_R",
            "time": [0.0, 0.2, 0.4, 0.6, 0.8],
            "transform": [
                [0.688094, 0.438512, 0.578126, 0.124994, 0.213567, -0.883832, 0.416205, -0.002831, 0.693479, -0.16292, -0.701814, -1.2e-05, 0.0, 0.0, 0.0, 1.0],
                [0.688094, 0.438512, 0.578126, 0.124994, 0.213567, -0.883832, 0.416205, -0.002831, 0.693479, -0.16292, -0.701814, -1.2e-05, 0.0, 0.0, 0.0, 1.0],
                [0.688094, 0.438512, 0.578126, 0.124994, 0.213567, -0.883832, 0.416205, -0.002831, 0.693479, -0.16292, -0.701814, -1.2e-05, 0.0, 0.0, 0.0, 1.0],
                [0.688094, 0.438512, 0.578126, 0.124994, 0.213567, -0.883832, 0.416205, -0.002831, 0.693479, -0.16292, -0.701814, -1.2e-05, 0.0, 0.0, 0.0, 1.0],
                [0.688094, 0.438512, 0.578126, 0.124994, 0.213567, -0.883832, 0.416205, -0.002831, 0.693479, -0.16292, -0.701814, -1.2e-05, 0.0, 0.0, 0.0, 1.0]
            ]
        },
        {
            "name": "Leg_R",
            "time": [0.0, 0.2, 0.4, 0.6, 0.8],
            "transform": [
                [1.0, -0.0, 1e-06, 0.0, -0.0, 0.916649, 0.399693, 0.37472, -1e-06, -0.399695, 0.916649, 0.0, 0.0, 0.0, 0.0, 1.0],
                [1.0, -0.0, 1e-06, 0.0, -0.0, 0.916649, 0.399693, 0.37472, -1e-06, -0.399695, 0.916649, 0.0, 0.0, 0.0, 0.0, 1.0],
                [1.0, -0.0, 1e-06, 0.0, -0.0, 0.916649, 0.399693, 0.37472, -1e-06, -0.399695, 0.916649, 0.0, 0.0, 0.0, 0.0, 1.0],
                [1.0, -0.0, 1e-06, 0.0, -0.0, 0.916649, 0.399693, 0.37472, -1e-06, -0.399695, 0.916649, 0.0, 0.0, 0.0, 0.0, 1.0],
                [1.0, -0.0, 1e-06, 0.0, -0.0, 0.916649, 0.399693, 0.37472, -1e-06, -0.399695, 0.916649, 0.0, 0.0, 0.0, 0.0, 1.0]
            ]
        },
        {
            "name": "Knee_R",
            "time": [0.0, 0.2, 0.4, 0.6, 0.8],
            "transform": [
                [1.0, 0.0, -0.0, 0.0, -0.0, 1e-06, -1.0, 0.37472, -0.0, 1.0, 1e-06, -0.0, 0.0, 0.0, 0.0, 1.0],
                [1.0, 0.0, -0.0, 0.0, -0.0, 1e-06, -1.0, 0.37472, -0.0, 1.0, 1e-06, -0.0, 0.0, 0.0, 0.0, 1.0],
                [1.0, 0.0, -0.0, 0.0, -0.0, 1e-06, -1.0, 0.37472, -0.0, 1.0, 1e-06, -0.0, 0.0, 0.0, 0.0, 1.0],
                [1.0, 0.0, -0.0, 0.0, -0.0, 1e-06, -1.0, 0.37472, -0.0, 1.0, 1e-06, -0.0, 0.0, 0.0, 0.0, 1.0],
                [1.0, 0.0, -0.0, 0.0, -0.0, 1e-06, -1.0, 0.37472, -0.0, 1.0, 1e-06, -0.0, 0.0, 0.0, 0.0, 1.0]
            ]
        },
        {
            "name": "Thigh_L",
            "time": [0.0, 0.2, 0.4, 0.6, 0.8],
            "transform": [
                [0.939923, -0.24073, -0.242064, -0.125006, -0.143836, -0.922307, 0.358692, -0.002831, -0.309602, -0.302322, -0.901522, -1.2e-05, 0.0, 0.0, 0.0, 1.0],
                [0.939923, -0.24073, -0.242064, -0.125006, -0.143836, -0.922307, 0.358692, -0.002831, -0.309602, -0.302322, -0.901522, -1.2e-05, 0.0, 0.0, 0.0, 1.0],
                [0.939923, -0.24073, -0.242064, -0.125006, -0.143836, -0.922307, 0.358692, -0.002831, -0.309602, -0.302322, -0.901522, -1.2e-05, 0.0, 0.0, 0.0, 1.0],
                [0.939923, -0.24073, -0.242064, -0.125006, -0.143836, -0.922307, 0.358692, -0.002831, -0.309602, -0.302322, -0.901522, -1.2e-05, 0.0, 0.0, 0.0, 1.0],
                [0.939923, -0.24073, -0.242064, -0.125006, -0.143836, -0.922307, 0.358692, -0.002831, -0.309602, -0.302322, -0.901522, -1.2e-05, 0.0, 0.0, 0.0, 1.0]
            ]
        },
        {
            "name": "Leg_L",
            "time": [0.0, 0.2, 0.4, 0.6, 0.8],
            "transform": [
                [1.0, -0.0, 1e-06, -0.0, -0.0, 0.848178, 0.52971, 0.37472, -1e-06, -0.529712, 0.84818, 0.0, 0.0, 0.0, 0.0, 1.0],
                [1.0, -0.0, 1e-06, -0.0, -0.0, 0.848178, 0.52971, 0.37472, -1e-06, -0.529712, 0.84818, 0.0, 0.0, 0.0, 0.0, 1.0],
                [1.0, -0.0, 1e-06, -0.0, -0.0, 0.848178, 0.52971, 0.37472, -1e-06, -0.529712, 0.84818, 0.0, 0.0, 0.0, 0.0, 1.0],
                [1.0, -0.0, 1e-06, -0.0, -0.0, 0.848178, 0.52971, 0.37472, -1e-06, -0.529712, 0.84818, 0.0, 0.0, 0.0, 0.0, 1.0],
                [1.0, -0.0, 1e-06, -0.0, -0.0, 0.848178, 0.52971, 0.37472, -1e-06, -0.529712, 0.84818, 0.0, 0.0, 0.0, 0.0, 1.0]
            ]
        },
        {
            "name": "Knee_L",
            "time": [0.0, 0.2, 0.4, 0.6, 0.8],
            "transform": [
                [1.0, -0.0, -0.0, -0.0, -0.0, 1e-06, -1.0, 0.378361, 0.0, 1.0, 1e-06, 0.0, 0.0, 0.0, 0.0, 1.0],
                [1.0, -0.0, -0.0, -0.0, -0.0, 1e-06, -1.0, 0.378361, 0.0, 1.0, 1e-06, 0.0, 0.0, 0.0, 0.0, 1.0],
                [1.0, -0.0, -0.0, -0.0, -0.0, 1e-06, -1.0, 0.378361, 0.0, 1.0, 1e-06, 0.0, 0.0, 0.0, 0.0, 1.0],
                [1.0, -0.0, -0.0, -0.0, -0.0, 1e-06, -1.0, 0.378361, 0.0, 1.0, 1e-06, 0.0, 0.0, 0.0, 0.0, 1.0],
                [1.0, -0.0, -0.0, -0.0, -0.0, 1e-06, -1.0, 0.378361, 0.0, 1.0, 1e-06, 0.0, 0.0, 0.0, 0.0, 1.0]
            ]
        },
        {
            "name": "Torso",
            "time": [0.0, 0.2, 0.4, 0.6, 0.8],
            "transform": [
                [0.993142, 0.053421, -0.103992, -0.0, -0.036089, 0.986143, 0.161924, 0.05, 0.111201, -0.157061, 0.981308, 0.0, 0.0, 0.0, 0.0, 1.0],
                [0.996422, 0.047805, -0.069702, -0.0, -0.035946, 0.986064, 0.162439, 0.05, 0.076496, -0.159352, 0.984254, 0.0, 0.0, 0.0, 0.0, 1.0],
                [0.998488, 0.042114, -0.035331, -0.0, -0.03582, 0.985983, 0.162958, 0.05, 0.041698, -0.161446, 0.986, 0.0, 0.0, 0.0, 0.0, 1.0],
                [0.996422, 0.047805, -0.069702, -0.0, -0.035946, 0.986064, 0.162439, 0.05, 0.076496, -0.159352, 0.984254, 0.0, 0.0, 0.0, 0.0, 1.0],
                [0.993142, 0.053421, -0.103992, -0.0, -0.036089, 0.986143, 0.161924, 0.05, 0.111201, -0.157061, 0.981308, 0.0, 0.0, 0.0, 0.0, 1.0]
            ]
        },
        {
            "name": "Chest",
            "time": [0.0, 0.2, 0.4, 0.6, 0.8],
            "transform": [
                [0.969347, 0.017091, 0.245101, 0.0, -0.015045, 0.999834, -0.010219, 0.3, -0.245235, 0.006218, 0.969444, -0.0, 0.0, 0.0, 0.0, 1.0],
                [0.939083, 0.0, 0.34369, -0.0, 0.0, 1.0, -0.0, 0.3, -0.34369, 0.0, 0.939083, -0.0, 0.0, 0.0, 0.0, 1.0],
                [0.913199, -0.011711, 0.407346, 0.0, 0.009411, 0.999926, 0.007651, 0.3, -0.407406, -0.003153, 0.913242, -0.0, 0.0, 0.0, 0.0, 1.0],
                [0.939083, 0.0, 0.34369, -0.0, 0.0, 1.0, -0.0, 0.3, -0.34369, 0.0, 0.939083, -0.0, 0.0, 0.0, 0.0, 1.0],
                [0.969347, 0.017091, 0.245101, 0.0, -0.015045, 0.999834, -0.010219, 0.3, -0.245235, 0.006218, 0.969444, -0.0, 0.0, 0.0, 0.0, 1.0]
            ]
        },
        {
            "name": "Head",
            "time": [0.0, 0.2, 0.4, 0.6, 0.8],